﻿<?xml version="1.0" encoding="utf-8"?>
<TextureAtlas imagePath="babs.png">
	<!-- Created with Adobe Animate version 22.0.1.105 -->
	<!-- http://www.adobe.com/products/animate.html -->
	<SubTexture name="babs down0000" x="1327" y="909" width="666" height="866" frameX="0" frameY="-9" frameWidth="672" frameHeight="875"/>
	<SubTexture name="babs down0001" x="1327" y="909" width="666" height="866" frameX="0" frameY="-9" frameWidth="672" frameHeight="875"/>
	<SubTexture name="babs down0002" x="1306" y="1810" width="671" height="864" frameX="-1" frameY="-11" frameWidth="672" frameHeight="875"/>
	<SubTexture name="babs down0003" x="1306" y="1810" width="671" height="864" frameX="-1" frameY="-11" frameWidth="672" frameHeight="875"/>
	<SubTexture name="babs down0004" x="1940" y="0" width="657" height="873" frameX="0" frameY="-2" frameWidth="672" frameHeight="875"/>
	<SubTexture name="babs down0005" x="1940" y="0" width="657" height="873" frameX="0" frameY="-2" frameWidth="672" frameHeight="875"/>
	<SubTexture name="babs down0006" x="0" y="6297" width="650" height="875" frameX="0" frameY="0" frameWidth="672" frameHeight="875"/>
	<SubTexture name="babs down0007" x="0" y="6297" width="650" height="875" frameX="0" frameY="0" frameWidth="672" frameHeight="875"/>
	<SubTexture name="babs goback0000" x="645" y="4518" width="642" height="879" frameX="-612" frameY="-182" frameWidth="1308" frameHeight="1071"/>
	<SubTexture name="babs goback0001" x="645" y="4518" width="642" height="879" frameX="-612" frameY="-182" frameWidth="1308" frameHeight="1071"/>
	<SubTexture name="babs goback0002" x="1861" y="3561" width="671" height="808" frameX="-637" frameY="-253" frameWidth="1308" frameHeight="1071"/>
	<SubTexture name="babs goback0003" x="1861" y="3561" width="671" height="808" frameX="-637" frameY="-253" frameWidth="1308" frameHeight="1071"/>
	<SubTexture name="babs goback0004" x="0" y="3643" width="666" height="873" frameX="-617" frameY="-197" frameWidth="1308" frameHeight="1071"/>
	<SubTexture name="babs goback0005" x="1847" y="7168" width="547" height="920" frameX="-599" frameY="-151" frameWidth="1308" frameHeight="1071"/>
	<SubTexture name="babs goback0006" x="1288" y="7168" width="557" height="957" frameX="-344" frameY="0" frameWidth="1308" frameHeight="1071"/>
	<SubTexture name="babs goback0007" x="1288" y="7168" width="557" height="957" frameX="-344" frameY="0" frameWidth="1308" frameHeight="1071"/>
	<SubTexture name="babs goback0008" x="1979" y="1777" width="519" height="555" frameX="-206" frameY="-309" frameWidth="1308" frameHeight="1071"/>
	<SubTexture name="babs goback0009" x="1979" y="1777" width="519" height="555" frameX="-206" frameY="-309" frameWidth="1308" frameHeight="1071"/>
	<SubTexture name="babs goback0010" x="1947" y="2676" width="559" height="549" frameX="0" frameY="-295" frameWidth="1308" frameHeight="1071"/>
	<SubTexture name="babs goback0011" x="1947" y="2676" width="559" height="549" frameX="0" frameY="-295" frameWidth="1308" frameHeight="1071"/>
	<SubTexture name="babs goback0012" x="1861" y="4371" width="202" height="164" frameX="-116" frameY="-363" frameWidth="1308" frameHeight="1071"/>
	<SubTexture name="babs idle0000" x="0" y="7174" width="642" height="879" frameX="0" frameY="-9" frameWidth="643" frameHeight="888"/>
	<SubTexture name="babs idle0001" x="0" y="7174" width="642" height="879" frameX="0" frameY="-9" frameWidth="643" frameHeight="888"/>
	<SubTexture name="babs idle0002" x="644" y="7174" width="642" height="879" frameX="-1" frameY="-9" frameWidth="643" frameHeight="888"/>
	<SubTexture name="babs idle0003" x="644" y="7174" width="642" height="879" frameX="-1" frameY="-9" frameWidth="643" frameHeight="888"/>
	<SubTexture name="babs idle0004" x="0" y="5408" width="643" height="887" frameX="0" frameY="-1" frameWidth="643" frameHeight="888"/>
	<SubTexture name="babs idle0005" x="0" y="5408" width="643" height="887" frameX="0" frameY="-1" frameWidth="643" frameHeight="888"/>
	<SubTexture name="babs idle0006" x="0" y="4518" width="643" height="888"/>
	<SubTexture name="babs idle0007" x="0" y="4518" width="643" height="888"/>
	<SubTexture name="babs jumpin0000" x="1289" y="3602" width="570" height="966" frameX="0" frameY="0" frameWidth="941" frameHeight="1079"/>
	<SubTexture name="babs jumpin0001" x="645" y="4518" width="642" height="879" frameX="-238" frameY="-191" frameWidth="1308" frameHeight="1071"/>
	<SubTexture name="babs jumpin0002" x="645" y="4518" width="642" height="879" frameX="-238" frameY="-191" frameWidth="1308" frameHeight="1071"/>
	<SubTexture name="babs jumpin0003" x="1289" y="4570" width="678" height="808" frameX="-263" frameY="-262" frameWidth="941" frameHeight="1079"/>
	<SubTexture name="babs jumpin0004" x="1289" y="4570" width="678" height="808" frameX="-263" frameY="-262" frameWidth="941" frameHeight="1079"/>
	<SubTexture name="babs jumpin0005" x="661" y="2727" width="666" height="873" frameX="-243" frameY="-206" frameWidth="941" frameHeight="1079"/>
	<SubTexture name="babs jumpin0006" x="661" y="2727" width="666" height="873" frameX="-243" frameY="-206" frameWidth="941" frameHeight="1079"/>
	<SubTexture name="babs left0000" x="0" y="940" width="664" height="892" frameX="0" frameY="0" frameWidth="666" frameHeight="892"/>
	<SubTexture name="babs left0001" x="0" y="940" width="664" height="892" frameX="0" frameY="0" frameWidth="666" frameHeight="892"/>
	<SubTexture name="babs left0002" x="0" y="2750" width="659" height="891" frameX="-7" frameY="-1" frameWidth="666" frameHeight="892"/>
	<SubTexture name="babs left0003" x="0" y="2750" width="659" height="891" frameX="-7" frameY="-1" frameWidth="666" frameHeight="892"/>
	<SubTexture name="babs left0004" x="645" y="1834" width="659" height="891" frameX="-7" frameY="-1" frameWidth="666" frameHeight="892"/>
	<SubTexture name="babs left0005" x="645" y="1834" width="659" height="891" frameX="-7" frameY="-1" frameWidth="666" frameHeight="892"/>
	<SubTexture name="babs left0006" x="666" y="917" width="659" height="891" frameX="-7" frameY="-1" frameWidth="666" frameHeight="892"/>
	<SubTexture name="babs left0007" x="666" y="917" width="659" height="891" frameX="-7" frameY="-1" frameWidth="666" frameHeight="892"/>
	<SubTexture name="babs left0008" x="666" y="917" width="659" height="891" frameX="-7" frameY="-1" frameWidth="666" frameHeight="892"/>
	<SubTexture name="babs left0009" x="666" y="917" width="659" height="891" frameX="-7" frameY="-1" frameWidth="666" frameHeight="892"/>
	<SubTexture name="babs left0010" x="666" y="917" width="659" height="891" frameX="-7" frameY="-1" frameWidth="666" frameHeight="892"/>
	<SubTexture name="babs right0000" x="645" y="5399" width="647" height="871" frameX="0" frameY="-23" frameWidth="647" frameHeight="894"/>
	<SubTexture name="babs right0001" x="645" y="5399" width="647" height="871" frameX="0" frameY="-23" frameWidth="647" frameHeight="894"/>
	<SubTexture name="babs right0002" x="1276" y="6272" width="612" height="894" frameX="-1" frameY="0" frameWidth="647" frameHeight="894"/>
	<SubTexture name="babs right0003" x="652" y="6272" width="622" height="885" frameX="-1" frameY="-9" frameWidth="647" frameHeight="894"/>
	<SubTexture name="babs right0004" x="652" y="6272" width="622" height="885" frameX="-1" frameY="-9" frameWidth="647" frameHeight="894"/>
	<SubTexture name="babs right0005" x="668" y="3602" width="616" height="885" frameX="-1" frameY="-9" frameWidth="647" frameHeight="894"/>
	<SubTexture name="babs right0006" x="668" y="3602" width="616" height="885" frameX="-1" frameY="-9" frameWidth="647" frameHeight="894"/>
	<SubTexture name="babs right0007" x="1294" y="5380" width="616" height="883" frameX="-1" frameY="-11" frameWidth="647" frameHeight="894"/>
	<SubTexture name="babs right0008" x="1294" y="5380" width="616" height="883" frameX="-1" frameY="-11" frameWidth="647" frameHeight="894"/>
	<SubTexture name="babs right0009" x="1329" y="2676" width="616" height="883" frameX="-1" frameY="-11" frameWidth="647" frameHeight="894"/>
	<SubTexture name="babs right0010" x="1329" y="2676" width="616" height="883" frameX="-1" frameY="-11" frameWidth="647" frameHeight="894"/>
	<SubTexture name="babs up0000" x="1291" y="0" width="647" height="907" frameX="0" frameY="-31" frameWidth="647" frameHeight="938"/>
	<SubTexture name="babs up0001" x="0" y="0" width="644" height="938" frameX="-3" frameY="0" frameWidth="647" frameHeight="938"/>
	<SubTexture name="babs up0002" x="0" y="0" width="644" height="938" frameX="-3" frameY="0" frameWidth="647" frameHeight="938"/>
	<SubTexture name="babs up0003" x="646" y="0" width="643" height="915" frameX="-4" frameY="-23" frameWidth="647" frameHeight="938"/>
	<SubTexture name="babs up0004" x="646" y="0" width="643" height="915" frameX="-4" frameY="-23" frameWidth="647" frameHeight="938"/>
	<SubTexture name="babs up0005" x="0" y="1834" width="643" height="914" frameX="-4" frameY="-24" frameWidth="647" frameHeight="938"/>
	<SubTexture name="babs up0006" x="0" y="1834" width="643" height="914" frameX="-4" frameY="-24" frameWidth="647" frameHeight="938"/>
	<SubTexture name="babs up0007" x="0" y="1834" width="643" height="914" frameX="-4" frameY="-24" frameWidth="647" frameHeight="938"/>
</TextureAtlas>
