﻿<?xml version="1.0" encoding="utf-8"?>
<TextureAtlas imagePath="bloom.png">
	<!-- Created with Adobe Animate version 22.0.1.105 -->
	<!-- http://www.adobe.com/products/animate.html -->
	<SubTexture name="bloom down0000" x="0" y="0" width="136" height="180" frameX="-11" frameY="-1" frameWidth="149" frameHeight="181"/>
	<SubTexture name="bloom down0001" x="138" y="0" width="148" height="181" frameX="0" frameY="0" frameWidth="149" frameHeight="181"/>
	<SubTexture name="bloom down0002" x="138" y="0" width="148" height="181" frameX="0" frameY="0" frameWidth="149" frameHeight="181"/>
	<SubTexture name="bloom down0003" x="288" y="0" width="147" height="176" frameX="-2" frameY="-5" frameWidth="149" frameHeight="181"/>
	<SubTexture name="bloom down0004" x="288" y="0" width="147" height="176" frameX="-2" frameY="-5" frameWidth="149" frameHeight="181"/>
	<SubTexture name="bloom down0005" x="437" y="0" width="145" height="175" frameX="-3" frameY="-6" frameWidth="149" frameHeight="181"/>
	<SubTexture name="bloom down0006" x="437" y="0" width="145" height="175" frameX="-3" frameY="-6" frameWidth="149" frameHeight="181"/>
	<SubTexture name="bloom down0007" x="584" y="0" width="146" height="175" frameX="-2" frameY="-6" frameWidth="149" frameHeight="181"/>
	<SubTexture name="bloom idle0000" x="732" y="0" width="134" height="184" frameX="0" frameY="-4" frameWidth="138" frameHeight="188"/>
	<SubTexture name="bloom idle0001" x="732" y="0" width="134" height="184" frameX="0" frameY="-4" frameWidth="138" frameHeight="188"/>
	<SubTexture name="bloom idle0002" x="868" y="0" width="134" height="183" frameX="-4" frameY="-5" frameWidth="138" frameHeight="188"/>
	<SubTexture name="bloom idle0003" x="868" y="0" width="134" height="183" frameX="-4" frameY="-5" frameWidth="138" frameHeight="188"/>
	<SubTexture name="bloom idle0004" x="0" y="186" width="129" height="187" frameX="-8" frameY="-1" frameWidth="138" frameHeight="188"/>
	<SubTexture name="bloom idle0005" x="0" y="186" width="129" height="187" frameX="-8" frameY="-1" frameWidth="138" frameHeight="188"/>
	<SubTexture name="bloom idle0006" x="131" y="186" width="129" height="188" frameX="-8" frameY="0" frameWidth="138" frameHeight="188"/>
	<SubTexture name="bloom idle0007" x="131" y="186" width="129" height="188" frameX="-8" frameY="0" frameWidth="138" frameHeight="188"/>
	<SubTexture name="bloom left0000" x="262" y="186" width="166" height="180" frameX="-2" frameY="-12" frameWidth="168" frameHeight="192"/>
	<SubTexture name="bloom left0001" x="430" y="186" width="153" height="192" frameX="-6" frameY="0" frameWidth="168" frameHeight="192"/>
	<SubTexture name="bloom left0002" x="585" y="186" width="157" height="192" frameX="0" frameY="0" frameWidth="168" frameHeight="192"/>
	<SubTexture name="bloom left0003" x="585" y="186" width="157" height="192" frameX="0" frameY="0" frameWidth="168" frameHeight="192"/>
	<SubTexture name="bloom left0004" x="744" y="186" width="155" height="189" frameX="0" frameY="-3" frameWidth="168" frameHeight="192"/>
	<SubTexture name="bloom left0005" x="744" y="186" width="155" height="189" frameX="0" frameY="-3" frameWidth="168" frameHeight="192"/>
	<SubTexture name="bloom left0006" x="0" y="380" width="154" height="188" frameX="0" frameY="-4" frameWidth="168" frameHeight="192"/>
	<SubTexture name="bloom left0007" x="0" y="380" width="154" height="188" frameX="0" frameY="-4" frameWidth="168" frameHeight="192"/>
	<SubTexture name="bloom right0000" x="156" y="380" width="108" height="193" frameX="-4" frameY="0" frameWidth="131" frameHeight="193"/>
	<SubTexture name="bloom right0001" x="266" y="380" width="116" height="191" frameX="-9" frameY="-2" frameWidth="131" frameHeight="193"/>
	<SubTexture name="bloom right0002" x="266" y="380" width="116" height="191" frameX="-9" frameY="-2" frameWidth="131" frameHeight="193"/>
	<SubTexture name="bloom right0003" x="384" y="380" width="129" height="190" frameX="-1" frameY="-3" frameWidth="131" frameHeight="193"/>
	<SubTexture name="bloom right0004" x="384" y="380" width="129" height="190" frameX="-1" frameY="-3" frameWidth="131" frameHeight="193"/>
	<SubTexture name="bloom right0005" x="515" y="380" width="131" height="189" frameX="0" frameY="-4" frameWidth="131" frameHeight="193"/>
	<SubTexture name="bloom right0006" x="515" y="380" width="131" height="189" frameX="0" frameY="-4" frameWidth="131" frameHeight="193"/>
	<SubTexture name="bloom right0007" x="648" y="380" width="129" height="189" frameX="-1" frameY="-4" frameWidth="131" frameHeight="193"/>
	<SubTexture name="bloom up0000" x="779" y="380" width="130" height="184" frameX="0" frameY="-10" frameWidth="130" frameHeight="194"/>
	<SubTexture name="bloom up0001" x="0" y="575" width="125" height="194" frameX="-4" frameY="0" frameWidth="130" frameHeight="194"/>
	<SubTexture name="bloom up0002" x="0" y="575" width="125" height="194" frameX="-4" frameY="0" frameWidth="130" frameHeight="194"/>
	<SubTexture name="bloom up0003" x="127" y="575" width="125" height="190" frameX="-4" frameY="-4" frameWidth="130" frameHeight="194"/>
	<SubTexture name="bloom up0004" x="127" y="575" width="125" height="190" frameX="-4" frameY="-4" frameWidth="130" frameHeight="194"/>
	<SubTexture name="bloom up0005" x="254" y="575" width="124" height="186" frameX="-5" frameY="-8" frameWidth="130" frameHeight="194"/>
	<SubTexture name="bloom up0006" x="254" y="575" width="124" height="186" frameX="-5" frameY="-8" frameWidth="130" frameHeight="194"/>
	<SubTexture name="bloom up0007" x="380" y="575" width="125" height="182" frameX="-4" frameY="-12" frameWidth="130" frameHeight="194"/>
</TextureAtlas>
