﻿<?xml version="1.0" encoding="utf-8"?>
<TextureAtlas imagePath="spoon.png">
	<!-- Created with Adobe Animate version 22.0.1.105 -->
	<!-- http://www.adobe.com/products/animate.html -->
	<SubTexture name="silver blank10000" x="335" y="1707" width="321" height="544" frameX="-1" frameY="-30" frameWidth="322" frameHeight="574"/>
	<SubTexture name="silver blank10001" x="335" y="1707" width="321" height="544" frameX="-1" frameY="-30" frameWidth="322" frameHeight="574"/>
	<SubTexture name="silver blank10002" x="2151" y="0" width="305" height="532" frameX="-4" frameY="-42" frameWidth="322" frameHeight="574"/>
	<SubTexture name="silver blank10003" x="2151" y="0" width="305" height="532" frameX="-4" frameY="-42" frameWidth="322" frameHeight="574"/>
	<SubTexture name="silver blank10004" x="2171" y="1667" width="290" height="553" frameX="0" frameY="-21" frameWidth="322" frameHeight="574"/>
	<SubTexture name="silver blank10005" x="2171" y="1667" width="290" height="553" frameX="0" frameY="-21" frameWidth="322" frameHeight="574"/>
	<SubTexture name="silver blank10006" x="1881" y="1668" width="288" height="570" frameX="0" frameY="-4" frameWidth="322" frameHeight="574"/>
	<SubTexture name="silver blank10007" x="1881" y="1668" width="288" height="570" frameX="0" frameY="-4" frameWidth="322" frameHeight="574"/>
	<SubTexture name="silver blank10008" x="1301" y="2281" width="288" height="574" frameX="0" frameY="0" frameWidth="322" frameHeight="574"/>
	<SubTexture name="silver blank10009" x="1301" y="2281" width="288" height="574" frameX="0" frameY="0" frameWidth="322" frameHeight="574"/>
	<SubTexture name="silver blank10010" x="1260" y="1131" width="290" height="573" frameX="0" frameY="-1" frameWidth="322" frameHeight="574"/>
	<SubTexture name="silver blank10011" x="1260" y="1131" width="290" height="573" frameX="0" frameY="-1" frameWidth="322" frameHeight="574"/>
	<SubTexture name="silver blank10012" x="964" y="561" width="293" height="568" frameX="-1" frameY="-6" frameWidth="322" frameHeight="574"/>
	<SubTexture name="silver blank10013" x="964" y="561" width="293" height="568" frameX="-1" frameY="-6" frameWidth="322" frameHeight="574"/>
	<SubTexture name="silver blank10014" x="1290" y="3312" width="300" height="559" frameX="-3" frameY="-15" frameWidth="322" frameHeight="574"/>
	<SubTexture name="silver blank10015" x="1290" y="3312" width="300" height="559" frameX="-3" frameY="-15" frameWidth="322" frameHeight="574"/>
	<SubTexture name="silver blank10016" x="657" y="2253" width="305" height="553" frameX="-4" frameY="-21" frameWidth="322" frameHeight="574"/>
	<SubTexture name="silver blank10017" x="657" y="2253" width="305" height="553" frameX="-4" frameY="-21" frameWidth="322" frameHeight="574"/>
	<SubTexture name="silver blank10018" x="339" y="1121" width="321" height="539" frameX="-1" frameY="-35" frameWidth="322" frameHeight="574"/>
	<SubTexture name="silver blank10019" x="1266" y="0" width="305" height="544" frameX="-4" frameY="-30" frameWidth="322" frameHeight="574"/>
	<SubTexture name="silver blank10020" x="1266" y="0" width="305" height="544" frameX="-4" frameY="-30" frameWidth="322" frameHeight="574"/>
	<SubTexture name="silver blank10021" x="1592" y="2858" width="290" height="567" frameX="0" frameY="-7" frameWidth="322" frameHeight="574"/>
	<SubTexture name="silver blank10022" x="1592" y="2858" width="290" height="567" frameX="0" frameY="-7" frameWidth="322" frameHeight="574"/>
	<SubTexture name="silver blank10023" x="1591" y="1706" width="288" height="574" frameX="0" frameY="0" frameWidth="322" frameHeight="574"/>
	<SubTexture name="silver blank10024" x="1591" y="1706" width="288" height="574" frameX="0" frameY="0" frameWidth="322" frameHeight="574"/>
	<SubTexture name="silver blank10025" x="1844" y="1092" width="288" height="574" frameX="0" frameY="0" frameWidth="322" frameHeight="574"/>
	<SubTexture name="silver blank10026" x="1844" y="1092" width="288" height="574" frameX="0" frameY="0" frameWidth="322" frameHeight="574"/>
	<SubTexture name="silver blank10027" x="1271" y="1706" width="290" height="573" frameX="0" frameY="-1" frameWidth="322" frameHeight="574"/>
	<SubTexture name="silver blank10028" x="1271" y="1706" width="290" height="573" frameX="0" frameY="-1" frameWidth="322" frameHeight="574"/>
	<SubTexture name="silver blank10029" x="965" y="1131" width="293" height="568" frameX="-1" frameY="-6" frameWidth="322" frameHeight="574"/>
	<SubTexture name="silver blank10030" x="965" y="1131" width="293" height="568" frameX="-1" frameY="-6" frameWidth="322" frameHeight="574"/>
	<SubTexture name="silver blank10031" x="662" y="549" width="300" height="559" frameX="-3" frameY="-15" frameWidth="322" frameHeight="574"/>
	<SubTexture name="silver blank10032" x="662" y="549" width="300" height="559" frameX="-3" frameY="-15" frameWidth="322" frameHeight="574"/>
	<SubTexture name="silver blank20000" x="335" y="1707" width="321" height="544" frameX="-1" frameY="-30" frameWidth="322" frameHeight="574"/>
	<SubTexture name="silver blank20001" x="335" y="1707" width="321" height="544" frameX="-1" frameY="-30" frameWidth="322" frameHeight="574"/>
	<SubTexture name="silver blank20002" x="1884" y="2812" width="305" height="532" frameX="-4" frameY="-42" frameWidth="322" frameHeight="574"/>
	<SubTexture name="silver blank20003" x="2171" y="2222" width="290" height="553" frameX="0" frameY="-21" frameWidth="322" frameHeight="574"/>
	<SubTexture name="silver blank20004" x="1881" y="2240" width="288" height="570" frameX="0" frameY="-4" frameWidth="322" frameHeight="574"/>
	<SubTexture name="silver blank20005" x="1881" y="2240" width="288" height="570" frameX="0" frameY="-4" frameWidth="322" frameHeight="574"/>
	<SubTexture name="silver blank20006" x="964" y="0" width="300" height="559" frameX="-3" frameY="-15" frameWidth="322" frameHeight="574"/>
	<SubTexture name="silver blank20007" x="964" y="0" width="300" height="559" frameX="-3" frameY="-15" frameWidth="322" frameHeight="574"/>
	<SubTexture name="silver blank20008" x="362" y="3397" width="305" height="553" frameX="-4" frameY="-21" frameWidth="322" frameHeight="574"/>
	<SubTexture name="silver blank20009" x="362" y="3397" width="305" height="553" frameX="-4" frameY="-21" frameWidth="322" frameHeight="574"/>
	<SubTexture name="silver blank20010" x="339" y="1121" width="321" height="539" frameX="-1" frameY="-35" frameWidth="322" frameHeight="574"/>
	<SubTexture name="silver blank20011" x="1554" y="546" width="305" height="544" frameX="-4" frameY="-30" frameWidth="322" frameHeight="574"/>
	<SubTexture name="silver blank20012" x="1592" y="3427" width="290" height="567" frameX="0" frameY="-7" frameWidth="322" frameHeight="574"/>
	<SubTexture name="silver blank20013" x="1591" y="2282" width="288" height="574" frameX="0" frameY="0" frameWidth="322" frameHeight="574"/>
	<SubTexture name="silver blank20014" x="1591" y="2282" width="288" height="574" frameX="0" frameY="0" frameWidth="322" frameHeight="574"/>
	<SubTexture name="silver blank20015" x="1861" y="0" width="288" height="574" frameX="0" frameY="0" frameWidth="322" frameHeight="574"/>
	<SubTexture name="silver blank20016" x="1861" y="0" width="288" height="574" frameX="0" frameY="0" frameWidth="322" frameHeight="574"/>
	<SubTexture name="silver blank20017" x="1552" y="1131" width="290" height="573" frameX="0" frameY="-1" frameWidth="322" frameHeight="574"/>
	<SubTexture name="silver blank20018" x="1259" y="561" width="293" height="568" frameX="-1" frameY="-6" frameWidth="322" frameHeight="574"/>
	<SubTexture name="silver idle0000" x="334" y="2298" width="321" height="550" frameX="0" frameY="-3" frameWidth="321" frameHeight="553"/>
	<SubTexture name="silver idle0001" x="334" y="2298" width="321" height="550" frameX="0" frameY="-3" frameWidth="321" frameHeight="553"/>
	<SubTexture name="silver idle0002" x="976" y="3363" width="312" height="538" frameX="-2" frameY="-15" frameWidth="321" frameHeight="553"/>
	<SubTexture name="silver idle0003" x="976" y="3363" width="312" height="538" frameX="-2" frameY="-15" frameWidth="321" frameHeight="553"/>
	<SubTexture name="silver idle0004" x="416" y="0" width="307" height="547" frameX="-3" frameY="-6" frameWidth="321" frameHeight="553"/>
	<SubTexture name="silver idle0005" x="416" y="0" width="307" height="547" frameX="-3" frameY="-6" frameWidth="321" frameHeight="553"/>
	<SubTexture name="silver idle0006" x="680" y="2808" width="305" height="553" frameX="-3" frameY="0" frameWidth="321" frameHeight="553"/>
	<SubTexture name="silver idle0007" x="680" y="2808" width="305" height="553" frameX="-3" frameY="0" frameWidth="321" frameHeight="553"/>
	<SubTexture name="silver mine0000" x="0" y="554" width="351" height="565" frameX="0" frameY="-24" frameWidth="353" frameHeight="589"/>
	<SubTexture name="silver mine0001" x="0" y="554" width="351" height="565" frameX="0" frameY="-24" frameWidth="353" frameHeight="589"/>
	<SubTexture name="silver mine0002" x="0" y="1121" width="337" height="584" frameX="-15" frameY="-5" frameWidth="353" frameHeight="589"/>
	<SubTexture name="silver mine0003" x="0" y="1121" width="337" height="584" frameX="-15" frameY="-5" frameWidth="353" frameHeight="589"/>
	<SubTexture name="silver mine0004" x="0" y="1707" width="333" height="589" frameX="-19" frameY="0" frameWidth="353" frameHeight="589"/>
	<SubTexture name="silver mine0005" x="0" y="1707" width="333" height="589" frameX="-19" frameY="0" frameWidth="353" frameHeight="589"/>
	<SubTexture name="silver mine0006" x="0" y="2298" width="332" height="589" frameX="-20" frameY="0" frameWidth="353" frameHeight="589"/>
	<SubTexture name="silver mine0007" x="0" y="2298" width="332" height="589" frameX="-20" frameY="0" frameWidth="353" frameHeight="589"/>
	<SubTexture name="silver mine0008" x="0" y="2889" width="321" height="585" frameX="-32" frameY="-4" frameWidth="353" frameHeight="589"/>
	<SubTexture name="silver mine0009" x="0" y="2889" width="321" height="585" frameX="-32" frameY="-4" frameWidth="353" frameHeight="589"/>
	<SubTexture name="silver mine0010" x="662" y="1110" width="300" height="545" frameX="-53" frameY="-44" frameWidth="353" frameHeight="589"/>
	<SubTexture name="silver mine0011" x="662" y="1110" width="300" height="545" frameX="-53" frameY="-44" frameWidth="353" frameHeight="589"/>
	<SubTexture name="silver mine0012" x="2185" y="3346" width="299" height="537" frameX="-52" frameY="-52" frameWidth="353" frameHeight="589"/>
	<SubTexture name="silver mine0013" x="2185" y="3346" width="299" height="537" frameX="-52" frameY="-52" frameWidth="353" frameHeight="589"/>
	<SubTexture name="silver mine0014" x="1884" y="3346" width="299" height="541" frameX="-51" frameY="-48" frameWidth="353" frameHeight="589"/>
	<SubTexture name="silver mine0015" x="1884" y="3346" width="299" height="541" frameX="-51" frameY="-48" frameWidth="353" frameHeight="589"/>
	<SubTexture name="silver mine0016" x="2134" y="1122" width="299" height="543" frameX="-51" frameY="-46" frameWidth="353" frameHeight="589"/>
	<SubTexture name="silver mine0017" x="2134" y="1122" width="299" height="543" frameX="-51" frameY="-46" frameWidth="353" frameHeight="589"/>
	<SubTexture name="silver mine0018" x="2134" y="576" width="299" height="544" frameX="-51" frameY="-45" frameWidth="353" frameHeight="589"/>
	<SubTexture name="silver mine0019" x="2134" y="576" width="299" height="544" frameX="-51" frameY="-45" frameWidth="353" frameHeight="589"/>
	<SubTexture name="silver slidein0000" x="0" y="0" width="414" height="552" frameX="0" frameY="0" frameWidth="447" frameHeight="936"/>
	<SubTexture name="silver slidein0001" x="0" y="0" width="414" height="552" frameX="0" frameY="-259" frameWidth="447" frameHeight="936"/>
	<SubTexture name="silver slidein0002" x="0" y="3476" width="360" height="502" frameX="-87" frameY="-434" frameWidth="447" frameHeight="936"/>
	<SubTexture name="silver slidein0003" x="0" y="3476" width="360" height="502" frameX="-87" frameY="-434" frameWidth="447" frameHeight="936"/>
	<SubTexture name="silver slidein0004" x="323" y="2889" width="355" height="506" frameX="-89" frameY="-430" frameWidth="447" frameHeight="936"/>
	<SubTexture name="silver slidein0005" x="323" y="2889" width="355" height="506" frameX="-89" frameY="-430" frameWidth="447" frameHeight="936"/>
	<SubTexture name="silver slidein0006" x="987" y="2772" width="312" height="538" frameX="-109" frameY="-398" frameWidth="447" frameHeight="936"/>
	<SubTexture name="silver slidein0007" x="987" y="2772" width="312" height="538" frameX="-109" frameY="-398" frameWidth="447" frameHeight="936"/>
	<SubTexture name="silver slidein0008" x="353" y="554" width="307" height="551" frameX="-110" frameY="-385" frameWidth="447" frameHeight="936"/>
	<SubTexture name="silver slidein0009" x="353" y="554" width="307" height="551" frameX="-110" frameY="-385" frameWidth="447" frameHeight="936"/>
	<SubTexture name="silver slidein0010" x="964" y="2217" width="305" height="553" frameX="-110" frameY="-383" frameWidth="447" frameHeight="936"/>
	<SubTexture name="silver slidein0011" x="964" y="2217" width="305" height="553" frameX="-110" frameY="-383" frameWidth="447" frameHeight="936"/>
	<SubTexture name="silver slidein0012" x="964" y="2217" width="305" height="553" frameX="-110" frameY="-383" frameWidth="447" frameHeight="936"/>
	<SubTexture name="silver slidein0013" x="964" y="2217" width="305" height="553" frameX="-110" frameY="-383" frameWidth="447" frameHeight="936"/>
	<SubTexture name="silver slidein0014" x="964" y="2217" width="305" height="553" frameX="-110" frameY="-383" frameWidth="447" frameHeight="936"/>
	<SubTexture name="silver slidein0015" x="964" y="2217" width="305" height="553" frameX="-110" frameY="-383" frameWidth="447" frameHeight="936"/>
	<SubTexture name="silver slidein0016" x="964" y="2217" width="305" height="553" frameX="-110" frameY="-383" frameWidth="447" frameHeight="936"/>
</TextureAtlas>
