﻿<?xml version="1.0" encoding="utf-8"?>
<TextureAtlas imagePath="tiara.png">
	<!-- Created with Adobe Animate version 22.0.1.105 -->
	<!-- http://www.adobe.com/products/animate.html -->
	<SubTexture name="tiara blank10000" x="2711" y="1030" width="288" height="517" frameX="0" frameY="-22" frameWidth="315" frameHeight="539"/>
	<SubTexture name="tiara blank10001" x="2711" y="1030" width="288" height="517" frameX="0" frameY="-22" frameWidth="315" frameHeight="539"/>
	<SubTexture name="tiara blank10002" x="2421" y="0" width="308" height="501" frameX="-7" frameY="-38" frameWidth="315" frameHeight="539"/>
	<SubTexture name="tiara blank10003" x="2421" y="0" width="308" height="501" frameX="-7" frameY="-38" frameWidth="315" frameHeight="539"/>
	<SubTexture name="tiara blank10004" x="631" y="0" width="296" height="539" frameX="-9" frameY="0" frameWidth="315" frameHeight="539"/>
	<SubTexture name="tiara blank10005" x="631" y="0" width="296" height="539" frameX="-9" frameY="0" frameWidth="315" frameHeight="539"/>
	<SubTexture name="tiara blank10006" x="929" y="0" width="297" height="535" frameX="-7" frameY="-4" frameWidth="315" frameHeight="539"/>
	<SubTexture name="tiara blank10007" x="929" y="0" width="297" height="535" frameX="-7" frameY="-4" frameWidth="315" frameHeight="539"/>
	<SubTexture name="tiara blank10008" x="1228" y="0" width="297" height="535" frameX="-7" frameY="-4" frameWidth="315" frameHeight="539"/>
	<SubTexture name="tiara blank10009" x="1228" y="0" width="297" height="535" frameX="-7" frameY="-4" frameWidth="315" frameHeight="539"/>
	<SubTexture name="tiara blank10010" x="1826" y="0" width="296" height="534" frameX="-7" frameY="-5" frameWidth="315" frameHeight="539"/>
	<SubTexture name="tiara blank10011" x="1826" y="0" width="296" height="534" frameX="-7" frameY="-5" frameWidth="315" frameHeight="539"/>
	<SubTexture name="tiara blank10012" x="2124" y="0" width="295" height="532" frameX="-7" frameY="-7" frameWidth="315" frameHeight="539"/>
	<SubTexture name="tiara blank10013" x="2124" y="0" width="295" height="532" frameX="-7" frameY="-7" frameWidth="315" frameHeight="539"/>
	<SubTexture name="tiara blank10014" x="3041" y="0" width="291" height="528" frameX="-7" frameY="-11" frameWidth="315" frameHeight="539"/>
	<SubTexture name="tiara blank10015" x="2124" y="534" width="289" height="525" frameX="-7" frameY="-14" frameWidth="315" frameHeight="539"/>
	<SubTexture name="tiara blank10016" x="1156" y="1064" width="279" height="525" frameX="-7" frameY="-14" frameWidth="315" frameHeight="539"/>
	<SubTexture name="tiara blank10017" x="0" y="1036" width="288" height="517" frameX="0" frameY="-22" frameWidth="315" frameHeight="539"/>
	<SubTexture name="tiara blank10018" x="0" y="1036" width="288" height="517" frameX="0" frameY="-22" frameWidth="315" frameHeight="539"/>
	<SubTexture name="tiara blank10019" x="2421" y="0" width="308" height="501" frameX="-7" frameY="-38" frameWidth="315" frameHeight="539"/>
	<SubTexture name="tiara blank10020" x="2421" y="0" width="308" height="501" frameX="-7" frameY="-38" frameWidth="315" frameHeight="539"/>
	<SubTexture name="tiara blank10021" x="631" y="0" width="296" height="539" frameX="-9" frameY="0" frameWidth="315" frameHeight="539"/>
	<SubTexture name="tiara blank10022" x="631" y="0" width="296" height="539" frameX="-9" frameY="0" frameWidth="315" frameHeight="539"/>
	<SubTexture name="tiara blank10023" x="1527" y="0" width="297" height="535" frameX="-7" frameY="-4" frameWidth="315" frameHeight="539"/>
	<SubTexture name="tiara blank10024" x="1527" y="0" width="297" height="535" frameX="-7" frameY="-4" frameWidth="315" frameHeight="539"/>
	<SubTexture name="tiara blank10025" x="1228" y="0" width="297" height="535" frameX="-7" frameY="-4" frameWidth="315" frameHeight="539"/>
	<SubTexture name="tiara blank10026" x="1228" y="0" width="297" height="535" frameX="-7" frameY="-4" frameWidth="315" frameHeight="539"/>
	<SubTexture name="tiara blank10027" x="1826" y="0" width="296" height="534" frameX="-7" frameY="-5" frameWidth="315" frameHeight="539"/>
	<SubTexture name="tiara blank10028" x="1826" y="0" width="296" height="534" frameX="-7" frameY="-5" frameWidth="315" frameHeight="539"/>
	<SubTexture name="tiara blank10029" x="2124" y="0" width="295" height="532" frameX="-7" frameY="-7" frameWidth="315" frameHeight="539"/>
	<SubTexture name="tiara blank10030" x="2124" y="0" width="295" height="532" frameX="-7" frameY="-7" frameWidth="315" frameHeight="539"/>
	<SubTexture name="tiara blank10031" x="3041" y="0" width="291" height="528" frameX="-7" frameY="-11" frameWidth="315" frameHeight="539"/>
	<SubTexture name="tiara blank10032" x="3041" y="0" width="291" height="528" frameX="-7" frameY="-11" frameWidth="315" frameHeight="539"/>
	<SubTexture name="tiara blank20000" x="2711" y="1030" width="288" height="517" frameX="0" frameY="-22" frameWidth="315" frameHeight="539"/>
	<SubTexture name="tiara blank20001" x="2711" y="1030" width="288" height="517" frameX="0" frameY="-22" frameWidth="315" frameHeight="539"/>
	<SubTexture name="tiara blank20002" x="2421" y="0" width="308" height="501" frameX="-7" frameY="-38" frameWidth="315" frameHeight="539"/>
	<SubTexture name="tiara blank20003" x="631" y="0" width="296" height="539" frameX="-9" frameY="0" frameWidth="315" frameHeight="539"/>
	<SubTexture name="tiara blank20004" x="631" y="0" width="296" height="539" frameX="-9" frameY="0" frameWidth="315" frameHeight="539"/>
	<SubTexture name="tiara blank20005" x="929" y="0" width="297" height="535" frameX="-7" frameY="-4" frameWidth="315" frameHeight="539"/>
	<SubTexture name="tiara blank20006" x="929" y="0" width="297" height="535" frameX="-7" frameY="-4" frameWidth="315" frameHeight="539"/>
	<SubTexture name="tiara blank20007" x="3041" y="0" width="291" height="528" frameX="-7" frameY="-11" frameWidth="315" frameHeight="539"/>
	<SubTexture name="tiara blank20008" x="2124" y="534" width="289" height="525" frameX="-7" frameY="-14" frameWidth="315" frameHeight="539"/>
	<SubTexture name="tiara blank20009" x="2415" y="1037" width="288" height="517" frameX="0" frameY="-22" frameWidth="315" frameHeight="539"/>
	<SubTexture name="tiara blank20010" x="2731" y="0" width="308" height="501" frameX="-7" frameY="-38" frameWidth="315" frameHeight="539"/>
	<SubTexture name="tiara blank20011" x="631" y="0" width="296" height="539" frameX="-9" frameY="0" frameWidth="315" frameHeight="539"/>
	<SubTexture name="tiara blank20012" x="631" y="0" width="296" height="539" frameX="-9" frameY="0" frameWidth="315" frameHeight="539"/>
	<SubTexture name="tiara blank20013" x="1527" y="0" width="297" height="535" frameX="-7" frameY="-4" frameWidth="315" frameHeight="539"/>
	<SubTexture name="tiara blank20014" x="1527" y="0" width="297" height="535" frameX="-7" frameY="-4" frameWidth="315" frameHeight="539"/>
	<SubTexture name="tiara blank20015" x="3041" y="0" width="291" height="528" frameX="-7" frameY="-11" frameWidth="315" frameHeight="539"/>
	<SubTexture name="tiara blank20016" x="3041" y="0" width="291" height="528" frameX="-7" frameY="-11" frameWidth="315" frameHeight="539"/>
	<SubTexture name="tiara down0000" x="0" y="525" width="299" height="509" frameX="0" frameY="-8" frameWidth="299" frameHeight="517"/>
	<SubTexture name="tiara down0001" x="0" y="525" width="299" height="509" frameX="0" frameY="-8" frameWidth="299" frameHeight="517"/>
	<SubTexture name="tiara down0002" x="3300" y="535" width="292" height="517" frameX="0" frameY="0" frameWidth="299" frameHeight="517"/>
	<SubTexture name="tiara down0003" x="3300" y="535" width="292" height="517" frameX="0" frameY="0" frameWidth="299" frameHeight="517"/>
	<SubTexture name="tiara down0004" x="3300" y="535" width="292" height="517" frameX="0" frameY="0" frameWidth="299" frameHeight="517"/>
	<SubTexture name="tiara down0005" x="3300" y="535" width="292" height="517" frameX="0" frameY="0" frameWidth="299" frameHeight="517"/>
	<SubTexture name="tiara down0006" x="3300" y="535" width="292" height="517" frameX="0" frameY="0" frameWidth="299" frameHeight="517"/>
	<SubTexture name="tiara down0007" x="3300" y="535" width="292" height="517" frameX="0" frameY="0" frameWidth="299" frameHeight="517"/>
	<SubTexture name="tiara down0008" x="3300" y="535" width="292" height="517" frameX="0" frameY="0" frameWidth="299" frameHeight="517"/>
	<SubTexture name="tiara down0009" x="3300" y="535" width="292" height="517" frameX="0" frameY="0" frameWidth="299" frameHeight="517"/>
	<SubTexture name="tiara down0010" x="3300" y="535" width="292" height="517" frameX="0" frameY="0" frameWidth="299" frameHeight="517"/>
	<SubTexture name="tiara down0011" x="3300" y="535" width="292" height="517" frameX="0" frameY="0" frameWidth="299" frameHeight="517"/>
	<SubTexture name="tiara down0012" x="3300" y="535" width="292" height="517" frameX="0" frameY="0" frameWidth="299" frameHeight="517"/>
	<SubTexture name="tiara down0013" x="3300" y="535" width="292" height="517" frameX="0" frameY="0" frameWidth="299" frameHeight="517"/>
	<SubTexture name="tiara down0014" x="3300" y="535" width="292" height="517" frameX="0" frameY="0" frameWidth="299" frameHeight="517"/>
	<SubTexture name="tiara down0015" x="3300" y="535" width="292" height="517" frameX="0" frameY="0" frameWidth="299" frameHeight="517"/>
	<SubTexture name="tiara down0016" x="3300" y="535" width="292" height="517" frameX="0" frameY="0" frameWidth="299" frameHeight="517"/>
	<SubTexture name="tiara down0017" x="3300" y="535" width="292" height="517" frameX="0" frameY="0" frameWidth="299" frameHeight="517"/>
	<SubTexture name="tiara idle0000" x="3004" y="530" width="294" height="517" frameX="0" frameY="-8" frameWidth="295" frameHeight="525"/>
	<SubTexture name="tiara idle0001" x="3004" y="530" width="294" height="517" frameX="0" frameY="-8" frameWidth="295" frameHeight="525"/>
	<SubTexture name="tiara idle0002" x="1826" y="536" width="293" height="514" frameX="-2" frameY="-11" frameWidth="295" frameHeight="525"/>
	<SubTexture name="tiara idle0003" x="1826" y="536" width="293" height="514" frameX="-2" frameY="-11" frameWidth="295" frameHeight="525"/>
	<SubTexture name="tiara idle0004" x="1216" y="537" width="284" height="525" frameX="-6" frameY="0" frameWidth="295" frameHeight="525"/>
	<SubTexture name="tiara idle0005" x="1216" y="537" width="284" height="525" frameX="-6" frameY="0" frameWidth="295" frameHeight="525"/>
	<SubTexture name="tiara idle0006" x="1437" y="1064" width="279" height="525" frameX="-7" frameY="0" frameWidth="295" frameHeight="525"/>
	<SubTexture name="tiara idle0007" x="1437" y="1064" width="279" height="525" frameX="-7" frameY="0" frameWidth="295" frameHeight="525"/>
	<SubTexture name="tiara left0000" x="1502" y="537" width="284" height="525" frameX="0" frameY="-1" frameWidth="284" frameHeight="526"/>
	<SubTexture name="tiara left0001" x="1502" y="537" width="284" height="525" frameX="0" frameY="-1" frameWidth="284" frameHeight="526"/>
	<SubTexture name="tiara left0002" x="3286" y="1054" width="282" height="526" frameX="-2" frameY="0" frameWidth="284" frameHeight="526"/>
	<SubTexture name="tiara left0003" x="3286" y="1054" width="282" height="526" frameX="-2" frameY="0" frameWidth="284" frameHeight="526"/>
	<SubTexture name="tiara left0004" x="3286" y="1054" width="282" height="526" frameX="-2" frameY="0" frameWidth="284" frameHeight="526"/>
	<SubTexture name="tiara left0005" x="3286" y="1054" width="282" height="526" frameX="-2" frameY="0" frameWidth="284" frameHeight="526"/>
	<SubTexture name="tiara left0006" x="3286" y="1054" width="282" height="526" frameX="-2" frameY="0" frameWidth="284" frameHeight="526"/>
	<SubTexture name="tiara left0007" x="3286" y="1054" width="282" height="526" frameX="-2" frameY="0" frameWidth="284" frameHeight="526"/>
	<SubTexture name="tiara left0008" x="3286" y="1054" width="282" height="526" frameX="-2" frameY="0" frameWidth="284" frameHeight="526"/>
	<SubTexture name="tiara left0009" x="3286" y="1054" width="282" height="526" frameX="-2" frameY="0" frameWidth="284" frameHeight="526"/>
	<SubTexture name="tiara left0010" x="3286" y="1054" width="282" height="526" frameX="-2" frameY="0" frameWidth="284" frameHeight="526"/>
	<SubTexture name="tiara left0011" x="3286" y="1054" width="282" height="526" frameX="-2" frameY="0" frameWidth="284" frameHeight="526"/>
	<SubTexture name="tiara left0012" x="3286" y="1054" width="282" height="526" frameX="-2" frameY="0" frameWidth="284" frameHeight="526"/>
	<SubTexture name="tiara left0013" x="3286" y="1054" width="282" height="526" frameX="-2" frameY="0" frameWidth="284" frameHeight="526"/>
	<SubTexture name="tiara left0014" x="3286" y="1054" width="282" height="526" frameX="-2" frameY="0" frameWidth="284" frameHeight="526"/>
	<SubTexture name="tiara left0015" x="3286" y="1054" width="282" height="526" frameX="-2" frameY="0" frameWidth="284" frameHeight="526"/>
	<SubTexture name="tiara left0016" x="3286" y="1054" width="282" height="526" frameX="-2" frameY="0" frameWidth="284" frameHeight="526"/>
	<SubTexture name="tiara left0017" x="3286" y="1054" width="282" height="526" frameX="-2" frameY="0" frameWidth="284" frameHeight="526"/>
	<SubTexture name="tiara left0018" x="3286" y="1054" width="282" height="526" frameX="-2" frameY="0" frameWidth="284" frameHeight="526"/>
	<SubTexture name="tiara left0019" x="3286" y="1054" width="282" height="526" frameX="-2" frameY="0" frameWidth="284" frameHeight="526"/>
	<SubTexture name="tiara left0020" x="3286" y="1054" width="282" height="526" frameX="-2" frameY="0" frameWidth="284" frameHeight="526"/>
	<SubTexture name="tiara left0021" x="3286" y="1054" width="282" height="526" frameX="-2" frameY="0" frameWidth="284" frameHeight="526"/>
	<SubTexture name="tiara mine0000" x="2711" y="503" width="291" height="525" frameX="-10" frameY="-8" frameWidth="301" frameHeight="533"/>
	<SubTexture name="tiara mine0001" x="2711" y="503" width="291" height="525" frameX="-10" frameY="-8" frameWidth="301" frameHeight="533"/>
	<SubTexture name="tiara mine0002" x="3624" y="0" width="289" height="531" frameX="-11" frameY="-2" frameWidth="301" frameHeight="533"/>
	<SubTexture name="tiara mine0003" x="3624" y="0" width="289" height="531" frameX="-11" frameY="-2" frameWidth="301" frameHeight="533"/>
	<SubTexture name="tiara mine0004" x="2421" y="503" width="288" height="532" frameX="-12" frameY="-1" frameWidth="301" frameHeight="533"/>
	<SubTexture name="tiara mine0005" x="2421" y="503" width="288" height="532" frameX="-12" frameY="-1" frameWidth="301" frameHeight="533"/>
	<SubTexture name="tiara mine0006" x="3334" y="0" width="288" height="533" frameX="-12" frameY="0" frameWidth="301" frameHeight="533"/>
	<SubTexture name="tiara mine0007" x="3334" y="0" width="288" height="533" frameX="-12" frameY="0" frameWidth="301" frameHeight="533"/>
	<SubTexture name="tiara mine0008" x="3624" y="533" width="287" height="529" frameX="-12" frameY="-4" frameWidth="301" frameHeight="533"/>
	<SubTexture name="tiara mine0009" x="3624" y="533" width="287" height="529" frameX="-12" frameY="-4" frameWidth="301" frameHeight="533"/>
	<SubTexture name="tiara mine0010" x="929" y="537" width="285" height="524" frameX="0" frameY="-9" frameWidth="301" frameHeight="533"/>
	<SubTexture name="tiara mine0011" x="929" y="537" width="285" height="524" frameX="0" frameY="-9" frameWidth="301" frameHeight="533"/>
	<SubTexture name="tiara mine0012" x="591" y="541" width="284" height="525" frameX="0" frameY="-8" frameWidth="301" frameHeight="533"/>
	<SubTexture name="tiara mine0013" x="591" y="541" width="284" height="525" frameX="0" frameY="-8" frameWidth="301" frameHeight="533"/>
	<SubTexture name="tiara mine0014" x="1788" y="1052" width="283" height="525" frameX="0" frameY="-8" frameWidth="301" frameHeight="533"/>
	<SubTexture name="tiara mine0015" x="1788" y="1052" width="283" height="525" frameX="0" frameY="-8" frameWidth="301" frameHeight="533"/>
	<SubTexture name="tiara mine0016" x="3001" y="1049" width="283" height="526" frameX="-2" frameY="-7" frameWidth="301" frameHeight="533"/>
	<SubTexture name="tiara mine0017" x="3001" y="1049" width="283" height="526" frameX="-2" frameY="-7" frameWidth="301" frameHeight="533"/>
	<SubTexture name="tiara mine0018" x="290" y="1055" width="282" height="526" frameX="-2" frameY="-7" frameWidth="301" frameHeight="533"/>
	<SubTexture name="tiara mine0019" x="290" y="1055" width="282" height="526" frameX="-2" frameY="-7" frameWidth="301" frameHeight="533"/>
	<SubTexture name="tiara mine0020" x="2073" y="1061" width="282" height="526" frameX="-2" frameY="-7" frameWidth="301" frameHeight="533"/>
	<SubTexture name="tiara mine0021" x="2073" y="1061" width="282" height="526" frameX="-2" frameY="-7" frameWidth="301" frameHeight="533"/>
	<SubTexture name="tiara mine0022" x="2073" y="1061" width="282" height="526" frameX="-2" frameY="-7" frameWidth="301" frameHeight="533"/>
	<SubTexture name="tiara mine0023" x="2073" y="1061" width="282" height="526" frameX="-2" frameY="-7" frameWidth="301" frameHeight="533"/>
	<SubTexture name="tiara mine0024" x="2073" y="1061" width="282" height="526" frameX="-2" frameY="-7" frameWidth="301" frameHeight="533"/>
	<SubTexture name="tiara right0000" x="0" y="0" width="315" height="523" frameX="-1" frameY="0" frameWidth="316" frameHeight="523"/>
	<SubTexture name="tiara right0001" x="0" y="0" width="315" height="523" frameX="-1" frameY="0" frameWidth="316" frameHeight="523"/>
	<SubTexture name="tiara right0002" x="317" y="0" width="312" height="523" frameX="0" frameY="0" frameWidth="316" frameHeight="523"/>
	<SubTexture name="tiara right0003" x="317" y="0" width="312" height="523" frameX="0" frameY="0" frameWidth="316" frameHeight="523"/>
	<SubTexture name="tiara right0004" x="317" y="0" width="312" height="523" frameX="0" frameY="0" frameWidth="316" frameHeight="523"/>
	<SubTexture name="tiara right0005" x="317" y="0" width="312" height="523" frameX="0" frameY="0" frameWidth="316" frameHeight="523"/>
	<SubTexture name="tiara right0006" x="317" y="0" width="312" height="523" frameX="0" frameY="0" frameWidth="316" frameHeight="523"/>
	<SubTexture name="tiara right0007" x="317" y="0" width="312" height="523" frameX="0" frameY="0" frameWidth="316" frameHeight="523"/>
	<SubTexture name="tiara right0008" x="317" y="0" width="312" height="523" frameX="0" frameY="0" frameWidth="316" frameHeight="523"/>
	<SubTexture name="tiara right0009" x="317" y="0" width="312" height="523" frameX="0" frameY="0" frameWidth="316" frameHeight="523"/>
	<SubTexture name="tiara right0010" x="317" y="0" width="312" height="523" frameX="0" frameY="0" frameWidth="316" frameHeight="523"/>
	<SubTexture name="tiara right0011" x="317" y="0" width="312" height="523" frameX="0" frameY="0" frameWidth="316" frameHeight="523"/>
	<SubTexture name="tiara right0012" x="317" y="0" width="312" height="523" frameX="0" frameY="0" frameWidth="316" frameHeight="523"/>
	<SubTexture name="tiara right0013" x="317" y="0" width="312" height="523" frameX="0" frameY="0" frameWidth="316" frameHeight="523"/>
	<SubTexture name="tiara right0014" x="317" y="0" width="312" height="523" frameX="0" frameY="0" frameWidth="316" frameHeight="523"/>
	<SubTexture name="tiara right0015" x="317" y="0" width="312" height="523" frameX="0" frameY="0" frameWidth="316" frameHeight="523"/>
	<SubTexture name="tiara right0016" x="317" y="0" width="312" height="523" frameX="0" frameY="0" frameWidth="316" frameHeight="523"/>
	<SubTexture name="tiara slidein0000" x="301" y="525" width="288" height="528" frameX="0" frameY="0" frameWidth="501" frameHeight="528"/>
	<SubTexture name="tiara slidein0001" x="301" y="525" width="288" height="528" frameX="0" frameY="0" frameWidth="501" frameHeight="528"/>
	<SubTexture name="tiara slidein0002" x="1826" y="536" width="293" height="514" frameX="-121" frameY="-14" frameWidth="295" frameHeight="525"/>
	<SubTexture name="tiara slidein0003" x="1826" y="536" width="293" height="514" frameX="-121" frameY="-14" frameWidth="295" frameHeight="525"/>
	<SubTexture name="tiara slidein0004" x="1216" y="537" width="284" height="525" frameX="-213" frameY="-3" frameWidth="295" frameHeight="525"/>
	<SubTexture name="tiara slidein0005" x="1216" y="537" width="284" height="525" frameX="-213" frameY="-3" frameWidth="295" frameHeight="525"/>
	<SubTexture name="tiara slidein0006" x="1437" y="1064" width="279" height="525" frameX="-222" frameY="-3" frameWidth="295" frameHeight="525"/>
	<SubTexture name="tiara slidein0007" x="1437" y="1064" width="279" height="525" frameX="-222" frameY="-3" frameWidth="295" frameHeight="525"/>
	<SubTexture name="tiara slidein0008" x="1437" y="1064" width="279" height="525" frameX="-222" frameY="-3" frameWidth="295" frameHeight="525"/>
	<SubTexture name="tiara slidein0009" x="1437" y="1064" width="279" height="525" frameX="-222" frameY="-3" frameWidth="295" frameHeight="525"/>
	<SubTexture name="tiara slidein0010" x="1437" y="1064" width="279" height="525" frameX="-222" frameY="-3" frameWidth="295" frameHeight="525"/>
	<SubTexture name="tiara slidein0011" x="1437" y="1064" width="279" height="525" frameX="-222" frameY="-3" frameWidth="295" frameHeight="525"/>
	<SubTexture name="tiara slidein0012" x="1437" y="1064" width="279" height="525" frameX="-222" frameY="-3" frameWidth="295" frameHeight="525"/>
	<SubTexture name="tiara slidein0013" x="1437" y="1064" width="279" height="525" frameX="-222" frameY="-3" frameWidth="295" frameHeight="525"/>
	<SubTexture name="tiara slidein0014" x="1437" y="1064" width="279" height="525" frameX="-222" frameY="-3" frameWidth="295" frameHeight="525"/>
	<SubTexture name="tiara slidein0015" x="1437" y="1064" width="279" height="525" frameX="-222" frameY="-3" frameWidth="295" frameHeight="525"/>
	<SubTexture name="tiara up0000" x="3570" y="1064" width="267" height="535" frameX="0" frameY="0" frameWidth="277" frameHeight="535"/>
	<SubTexture name="tiara up0001" x="3570" y="1064" width="267" height="535" frameX="0" frameY="0" frameWidth="277" frameHeight="535"/>
	<SubTexture name="tiara up0002" x="877" y="1063" width="277" height="533" frameX="0" frameY="-2" frameWidth="277" frameHeight="535"/>
	<SubTexture name="tiara up0003" x="877" y="1063" width="277" height="533" frameX="0" frameY="-2" frameWidth="277" frameHeight="535"/>
	<SubTexture name="tiara up0004" x="877" y="1063" width="277" height="533" frameX="0" frameY="-2" frameWidth="277" frameHeight="535"/>
	<SubTexture name="tiara up0005" x="877" y="1063" width="277" height="533" frameX="0" frameY="-2" frameWidth="277" frameHeight="535"/>
	<SubTexture name="tiara up0006" x="877" y="1063" width="277" height="533" frameX="0" frameY="-2" frameWidth="277" frameHeight="535"/>
	<SubTexture name="tiara up0007" x="877" y="1063" width="277" height="533" frameX="0" frameY="-2" frameWidth="277" frameHeight="535"/>
	<SubTexture name="tiara up0008" x="877" y="1063" width="277" height="533" frameX="0" frameY="-2" frameWidth="277" frameHeight="535"/>
	<SubTexture name="tiara up0009" x="877" y="1063" width="277" height="533" frameX="0" frameY="-2" frameWidth="277" frameHeight="535"/>
	<SubTexture name="tiara up0010" x="877" y="1063" width="277" height="533" frameX="0" frameY="-2" frameWidth="277" frameHeight="535"/>
	<SubTexture name="tiara up0011" x="877" y="1063" width="277" height="533" frameX="0" frameY="-2" frameWidth="277" frameHeight="535"/>
	<SubTexture name="tiara up0012" x="877" y="1063" width="277" height="533" frameX="0" frameY="-2" frameWidth="277" frameHeight="535"/>
	<SubTexture name="tiara up0013" x="877" y="1063" width="277" height="533" frameX="0" frameY="-2" frameWidth="277" frameHeight="535"/>
	<SubTexture name="tiara up0014" x="877" y="1063" width="277" height="533" frameX="0" frameY="-2" frameWidth="277" frameHeight="535"/>
	<SubTexture name="tiara up0015" x="877" y="1063" width="277" height="533" frameX="0" frameY="-2" frameWidth="277" frameHeight="535"/>
	<SubTexture name="tiara up0016" x="877" y="1063" width="277" height="533" frameX="0" frameY="-2" frameWidth="277" frameHeight="535"/>
</TextureAtlas>
